{"flutter":{"platforms":{"android":{"default":{"projectId":"balanced-5dd69","appId":"1:452700561364:android:5d196577bb5d0db2dac041","fileOutput":"android/app/google-services.json"}},"dart":{"lib/firebase_options.dart":{"projectId":"balanced-5dd69","configurations":{"android":"1:452700561364:android:5d196577bb5d0db2dac041","ios":"1:452700561364:ios:a373980fdd801c13dac041","macos":"1:452700561364:ios:a373980fdd801c13dac041","web":"1:452700561364:web:6555cc2c84ff5d60dac041","windows":"1:452700561364:web:d1f0d550fbab509cdac041"}}}}}}