{
  "project_info": {
    "project_number": "452700561364",
    "project_id": "balanced-5dd69",
    "storage_bucket": "balanced-5dd69.firebasestorage.app"
  },
  "client": [
    {
      "client_info": {
        "mobilesdk_app_id": "1:452700561364:android:5d196577bb5d0db2dac041",
        "android_client_info": {
          "package_name": "com.example.balanced_meal"
        }
      },
      "oauth_client": [],
      "api_key": [
        {
          "current_key": "AIzaSyBzGfLGcrKGy5bFyVxhwd_48DK4emW81oo"
        }
      ],
      "services": {
        "appinvite_service": {
          "other_platform_oauth_client": []
        }
      }
    }
  ],
  "configuration_version": "1"
}